id;name;email.;password;enabled;registered;dealer id
1;Вячеслав Кузнецов;Kuznetsov@gmail.ru;{noop}123456;true;2022-12-28;24
2;Руслан Насыров;Nasyrov@gmail.ru;{noop}123456;true;2022-12-28;24
3;Кирилл Тонких;Tonkikh@gmail.ru;{noop}123456;true;2022-12-28;24
4;Александр Морозов;Morozov@gmail.ru;{noop}123456;true;2022-12-28;24
5;Анна Перепечина;Perepechina@gmail.ru;{noop}123456;true;2022-12-28;24
6;Светлана Хомякова;Khomyakova@gmail.ru;{noop}123456;true;2022-12-28;24
7;Николай Савинский;Savinsky@gmail.ru;{noop}123456;true;2022-12-28;24
8;Илья Голенский;Golensky@gmail.ru;{noop}123456;true;2022-12-28;24
9;Константин Алексашин;Aleksashin@gmail.ru;{noop}123456;true;2022-12-28;24
10;Ольга Астрейко;Astreiko@gmail.ru;{noop}123456;true;2022-12-28;16
11;Михаил Балковой;Balkovoy@gmail.ru;{noop}123456;true;2022-12-28;28
12;Илья Двуреченский;Dvurechenskiy@gmail.ru;{noop}123456;true;2022-12-28;21
13;Алексей Кищенко;Kischenko@gmail.ru;{noop}123456;true;2022-12-28;20
14;Инна Мухутдинова;Mukhutdinova@gmail.ru;{noop}123456;true;2022-12-28;19
15;Инна Перушкина;Perushkina@gmail.ru;{noop}123456;true;2022-12-28;18
16;Василий Прозоров;Prozorov@gmail.ru;{noop}123456;true;2022-12-28;61
17;Александр Садовников;Sadovnikov@gmail.ru;{noop}123456;true;2022-12-28;66
18;Оксана Воронина;Voronina@gmail.ru;{noop}123456;true;2022-12-28;36
19;Антон Юрьев;Yuryev@gmail.ru;{noop}123456;true;2022-12-28;21
20;Михаил Богданович;Bogdanovich@gmail.ru;{noop}123456;true;2022-12-28;24
21;Сидоров Павел;GAZ@MAIL.RU;{noop}123456;true;2022-12-28;1
22;Жуков Егор;rsm@MAIL.RU;{noop}123456;true;2022-12-28;3
23;Степанов Владимир;KWINTMADI@MAIL.RU;{noop}123456;true;2022-12-28;6
24;Ершова Алиса;CUMMINSKAMA@MAIL.RU;{noop}123456;true;2022-12-28;7
25;Попова Кристина;tsb@MAIL.RU;{noop}123456;true;2022-12-28;16
26;Авдеева Сабина;RIAT@MAIL.RU;{noop}123456;true;2022-12-28;18
27;Исакова Амина;SM-AGRO@MAIL.RU;{noop}123456;true;2022-12-28;20
28;Бессонов Александр;KAMSSSERVICE@MAIL.RU;{noop}123456;true;2022-12-28;21
29;Маслова Полина;ROSAGROSERVICE@MAIL.RU;{noop}123456;true;2022-12-28;23
30;Григорьев Артём;CUMMINS@MAIL.RU;{noop}123456;true;2022-12-28;24
31;Соколова Ксения;KAMSS@MAIL.RU;{noop}123456;true;2022-12-28;28
32;Наумов Артём;AGRO-MASTER@MAIL.RU;{noop}123456;true;2022-12-28;35
33;Мартынова Тамара;KOMTEK@MAIL.RU;{noop}123456;true;2022-12-28;36
34;Розанов Пётр;КАМАЗ@MAIL.RU;{noop}123456;true;2022-12-28;38
35;Демин Арсений;UCDS@MAIL.RU;{noop}123456;true;2022-12-28;41
36;Михеева Амина;NG-ENERGO@MAIL.RU;{noop}123456;true;2022-12-28;43
37;Семенов Даниил;DIESELHYDROSERVICE@MAIL.RU;{noop}123456;true;2022-12-28;44
38;Киселев Максим;UDTTEXNIKA@MAIL.RU;{noop}123456;true;2022-12-28;48
39;Сидоров Илья;VARIANTA@MAIL.RU;{noop}123456;true;2022-12-28;52
40;Серова Валерия;DASHDEMIR@MAIL.RU;{noop}123456;true;2022-12-28;54
41;Демин Иван;CBSMOTORS@MAIL.RU;{noop}123456;true;2022-12-28;55
42;Панова Мира;AGROTECHSERVICE@MAIL.RU;{noop}123456;true;2022-12-28;57
43;Трифонов Андрей;CUMMINS_KZ@MAIL.RU;{noop}123456;true;2022-12-28;60
44;Федоров Матвей;JAC@MAIL.RU;{noop}123456;true;2022-12-28;61
45;Симонова Владислава;FOTON@MAIL.RU;{noop}123456;true;2022-12-28;62
46;Черепанова Евгения;Cummins_BLR@MAIL.RU;{noop}123456;true;2022-12-28;63
47;Измайлова Ева;RUDMASH@MAIL.RU;{noop}123456;true;2022-12-28;64
48;Громов Давид;TEGETAMOTORS@MAIL.RU;{noop}123456;true;2022-12-28;65
49;Мухина Анастасия;HITMACHINERY@MAIL.RU;{noop}123456;true;2022-12-28;66
50;Комаров Илья;KDS@MAIL.RU;{noop}123456;true;2022-12-28;67
51;Зыкова Ксения;GRANDMOTORS@MAIL.RU;{noop}123456;true;2022-12-28;68
52;Николаева Вероника;DALGAKIRANCOMPRESSOR@MAIL.RU;{noop}123456;true;2022-12-28;70
